gg (1).jpg,0
gg (10).jpg,0
gg (100).jpg,0
gg (101).jpg,0
gg (102).jpg,0
gg (103).jpg,0
gg (104).jpg,0
gg (105).jpg,0
gg (106).jpg,0
gg (107).jpg,0
gg (108).jpg,0
gg (109).jpg,0
gg (11).jpg,0
gg (110).jpg,0
gg (111).jpg,0
gg (112).jpg,0
gg (113).jpg,0
gg (114).jpg,0
gg (115).jpg,0
gg (116).jpg,0
gg (117).jpg,0
gg (118).jpg,0
gg (119).jpg,0
gg (12).jpg,0
gg (120).jpg,0
gg (121).jpg,0
gg (122).jpg,0
gg (123).jpg,0
gg (124).jpg,0
gg (125).jpg,0
gg (126).jpg,0
gg (127).jpg,0
gg (128).jpg,0
gg (129).jpg,0
gg (13).jpg,0
gg (130).jpg,0
gg (131).jpg,0
gg (132).jpg,0
gg (133).jpg,0
gg (134).jpg,0
gg (135).jpg,0
gg (136).jpg,0
gg (137).jpg,0
gg (138).jpg,0
gg (139).jpg,0
gg (14).jpg,0
gg (140).jpg,0
gg (141).jpg,0
gg (142).jpg,0
gg (143).jpg,0
gg (144).jpg,0
gg (145).jpg,0
gg (146).jpg,0
gg (147).jpg,0
gg (148).jpg,0
gg (149).jpg,0
gg (15).jpg,0
gg (150).jpg,0
gg (151).jpg,0
gg (152).jpg,0
gg (153).jpg,0
gg (154).jpg,0
gg (155).jpg,0
gg (156).jpg,0
gg (157).jpg,0
gg (158).jpg,0
gg (159).jpg,0
gg (16).jpg,0
gg (160).jpg,0
gg (161).jpg,0
gg (162).jpg,0
gg (163).jpg,0
gg (164).jpg,0
gg (165).jpg,0
gg (166).jpg,0
gg (167).jpg,0
gg (168).jpg,0
gg (169).jpg,0
gg (17).jpg,0
gg (170).jpg,0
gg (171).jpg,0
gg (172).jpg,0
gg (173).jpg,0
gg (174).jpg,0
gg (175).jpg,0
gg (176).jpg,0
gg (177).jpg,0
gg (178).jpg,0
gg (179).jpg,0
gg (18).jpg,0
gg (180).jpg,0
gg (181).jpg,0
gg (182).jpg,0
gg (183).jpg,0
gg (184).jpg,0
gg (185).jpg,0
gg (186).jpg,0
gg (187).jpg,0
gg (188).jpg,0
gg (189).jpg,0
gg (19).jpg,0
gg (190).jpg,0
gg (191).jpg,0
gg (192).jpg,0
gg (193).jpg,0
gg (194).jpg,0
gg (195).jpg,0
gg (196).jpg,0
gg (197).jpg,0
gg (198).jpg,0
gg (199).jpg,0
gg (2).jpg,0
gg (20).jpg,0
gg (200).jpg,0
gg (201).jpg,0
gg (202).jpg,0
gg (203).jpg,0
gg (204).jpg,0
gg (205).jpg,0
gg (206).jpg,0
gg (207).jpg,0
gg (208).jpg,0
gg (209).jpg,0
gg (21).jpg,0
gg (210).jpg,0
gg (211).jpg,0
gg (212).jpg,0
gg (213).jpg,0
gg (214).jpg,0
gg (215).jpg,0
gg (216).jpg,0
gg (217).jpg,0
gg (218).jpg,0
gg (219).jpg,0
gg (22).jpg,0
gg (220).jpg,0
gg (221).jpg,0
gg (222).jpg,0
gg (223).jpg,0
gg (224).jpg,0
gg (225).jpg,0
gg (226).jpg,0
gg (227).jpg,0
gg (228).jpg,0
gg (229).jpg,0
gg (23).jpg,0
gg (230).jpg,0
gg (231).jpg,0
gg (232).jpg,0
gg (233).jpg,0
gg (234).jpg,0
gg (235).jpg,0
gg (236).jpg,0
gg (237).jpg,0
gg (238).jpg,0
gg (239).jpg,0
gg (24).jpg,0
gg (240).jpg,0
gg (241).jpg,0
gg (242).jpg,0
gg (243).jpg,0
gg (244).jpg,0
gg (245).jpg,0
gg (246).jpg,0
gg (247).jpg,0
gg (248).jpg,0
gg (249).jpg,0
gg (25).jpg,0
gg (250).jpg,0
gg (251).jpg,0
gg (252).jpg,0
gg (253).jpg,0
gg (254).jpg,0
gg (255).jpg,0
gg (256).jpg,0
gg (257).jpg,0
gg (258).jpg,0
gg (259).jpg,0
gg (26).jpg,0
gg (260).jpg,0
gg (261).jpg,0
gg (262).jpg,0
gg (263).jpg,0
gg (264).jpg,0
gg (265).jpg,0
gg (266).jpg,0
gg (267).jpg,0
gg (268).jpg,0
gg (269).jpg,0
gg (27).jpg,0
gg (270).jpg,0
gg (271).jpg,0
gg (272).jpg,0
gg (273).jpg,0
gg (274).jpg,0
gg (275).jpg,0
gg (276).jpg,0
gg (277).jpg,0
gg (278).jpg,0
gg (279).jpg,0
gg (28).jpg,0
gg (280).jpg,0
gg (281).jpg,0
gg (282).jpg,0
gg (283).jpg,0
gg (284).jpg,0
gg (285).jpg,0
gg (286).jpg,0
gg (287).jpg,0
gg (288).jpg,0
gg (289).jpg,0
gg (29).jpg,0
gg (290).jpg,0
gg (291).jpg,0
gg (292).jpg,0
gg (293).jpg,0
gg (294).jpg,0
gg (295).jpg,0
gg (296).jpg,0
gg (297).jpg,0
gg (298).jpg,0
gg (299).jpg,0
gg (3).jpg,0
gg (30).jpg,0
gg (300).jpg,0
gg (301).jpg,0
gg (302).jpg,0
gg (303).jpg,0
gg (304).jpg,0
gg (305).jpg,0
gg (306).jpg,0
gg (307).jpg,0
gg (308).jpg,0
gg (309).jpg,0
gg (31).jpg,0
gg (310).jpg,0
gg (311).jpg,0
gg (312).jpg,0
gg (313).jpg,0
gg (314).jpg,0
gg (315).jpg,0
gg (316).jpg,0
gg (317).jpg,0
gg (318).jpg,0
gg (319).jpg,0
gg (32).jpg,0
gg (320).jpg,0
gg (321).jpg,0
gg (322).jpg,0
gg (323).jpg,0
gg (324).jpg,0
gg (325).jpg,0
gg (326).jpg,0
gg (327).jpg,0
gg (328).jpg,0
gg (329).jpg,0
gg (33).jpg,0
gg (330).jpg,0
gg (331).jpg,0
gg (332).jpg,0
gg (333).jpg,0
gg (334).jpg,0
gg (335).jpg,0
gg (336).jpg,0
gg (337).jpg,0
gg (338).jpg,0
gg (339).jpg,0
gg (34).jpg,0
gg (340).jpg,0
gg (341).jpg,0
gg (342).jpg,0
gg (343).jpg,0
gg (344).jpg,0
gg (345).jpg,0
gg (346).jpg,0
gg (347).jpg,0
gg (348).jpg,0
gg (349).jpg,0
gg (35).jpg,0
gg (350).jpg,0
gg (351).jpg,0
gg (352).jpg,0
gg (353).jpg,0
gg (354).jpg,0
gg (355).jpg,0
gg (356).jpg,0
gg (357).jpg,0
gg (358).jpg,0
gg (359).jpg,0
gg (36).jpg,0
gg (360).jpg,0
gg (361).jpg,0
gg (362).jpg,0
gg (363).jpg,0
gg (364).jpg,0
gg (365).jpg,0
gg (366).jpg,0
gg (367).jpg,0
gg (368).jpg,0
gg (369).jpg,0
gg (37).jpg,0
gg (370).jpg,0
gg (371).jpg,0
gg (372).jpg,0
gg (373).jpg,0
gg (374).jpg,0
gg (375).jpg,0
gg (376).jpg,0
gg (377).jpg,0
gg (378).jpg,0
gg (379).jpg,0
gg (38).jpg,0
gg (380).jpg,0
gg (381).jpg,0
gg (382).jpg,0
gg (383).jpg,0
gg (384).jpg,0
gg (385).jpg,0
gg (386).jpg,0
gg (387).jpg,0
gg (388).jpg,0
gg (389).jpg,0
gg (39).jpg,0
gg (390).jpg,0
gg (391).jpg,0
gg (392).jpg,0
gg (393).jpg,0
gg (394).jpg,0
gg (395).jpg,0
gg (396).jpg,0
gg (397).jpg,0
gg (398).jpg,0
gg (399).jpg,0
gg (4).jpg,0
gg (40).jpg,0
gg (400).jpg,0
gg (401).jpg,0
gg (402).jpg,0
gg (403).jpg,0
gg (404).jpg,0
gg (405).jpg,0
gg (406).jpg,0
gg (407).jpg,0
gg (408).jpg,0
gg (409).jpg,0
gg (41).jpg,0
gg (410).jpg,0
gg (411).jpg,0
gg (412).jpg,0
gg (413).jpg,0
gg (414).jpg,0
gg (415).jpg,0
gg (416).jpg,0
gg (417).jpg,0
gg (418).jpg,0
gg (419).jpg,0
gg (42).jpg,0
gg (420).jpg,0
gg (421).jpg,0
gg (422).jpg,0
gg (423).jpg,0
gg (424).jpg,0
gg (425).jpg,0
gg (426).jpg,0
gg (427).jpg,0
gg (428).jpg,0
gg (429).jpg,0
gg (43).jpg,0
gg (430).jpg,0
gg (431).jpg,0
gg (432).jpg,0
gg (433).jpg,0
gg (434).jpg,0
gg (435).jpg,0
gg (436).jpg,0
gg (437).jpg,0
gg (438).jpg,0
gg (439).jpg,0
gg (44).jpg,0
gg (440).jpg,0
gg (441).jpg,0
gg (442).jpg,0
gg (443).jpg,0
gg (444).jpg,0
gg (445).jpg,0
gg (446).jpg,0
gg (447).jpg,0
gg (448).jpg,0
gg (449).jpg,0
gg (45).jpg,0
gg (450).jpg,0
gg (451).jpg,0
gg (452).jpg,0
gg (453).jpg,0
gg (454).jpg,0
gg (455).jpg,0
gg (456).jpg,0
gg (457).jpg,0
gg (458).jpg,0
gg (459).jpg,0
gg (46).jpg,0
gg (460).jpg,0
gg (461).jpg,0
gg (462).jpg,0
gg (463).jpg,0
gg (464).jpg,0
gg (465).jpg,0
gg (466).jpg,0
gg (467).jpg,0
gg (468).jpg,0
gg (469).jpg,0
gg (47).jpg,0
gg (470).jpg,0
gg (471).jpg,0
gg (472).jpg,0
gg (473).jpg,0
gg (474).jpg,0
gg (475).jpg,0
gg (476).jpg,0
gg (477).jpg,0
gg (478).jpg,0
gg (479).jpg,0
gg (48).jpg,0
gg (480).jpg,0
gg (481).jpg,0
gg (482).jpg,0
gg (483).jpg,0
gg (484).jpg,0
gg (485).jpg,0
gg (486).jpg,0
gg (487).jpg,0
gg (488).jpg,0
gg (489).jpg,0
gg (49).jpg,0
gg (490).jpg,0
gg (491).jpg,0
gg (492).jpg,0
gg (493).jpg,0
gg (494).jpg,0
gg (495).jpg,0
gg (496).jpg,0
gg (497).jpg,0
gg (498).jpg,0
gg (499).jpg,0
gg (5).jpg,0
gg (50).jpg,0
gg (500).jpg,0
gg (501).jpg,0
gg (502).jpg,0
gg (503).jpg,0
gg (504).jpg,0
gg (505).jpg,0
gg (506).jpg,0
gg (507).jpg,0
gg (508).jpg,0
gg (509).jpg,0
gg (51).jpg,0
gg (510).jpg,0
gg (511).jpg,0
gg (512).jpg,0
gg (513).jpg,0
gg (514).jpg,0
gg (515).jpg,0
gg (516).jpg,0
gg (517).jpg,0
gg (518).jpg,0
gg (519).jpg,0
gg (52).jpg,0
gg (520).jpg,0
gg (521).jpg,0
gg (522).jpg,0
gg (523).jpg,0
gg (524).jpg,0
gg (525).jpg,0
gg (526).jpg,0
gg (527).jpg,0
gg (528).jpg,0
gg (529).jpg,0
gg (53).jpg,0
gg (530).jpg,0
gg (531).jpg,0
gg (532).jpg,0
gg (533).jpg,0
gg (534).jpg,0
gg (535).jpg,0
gg (536).jpg,0
gg (537).jpg,0
gg (538).jpg,0
gg (539).jpg,0
gg (54).jpg,0
gg (540).jpg,0
gg (541).jpg,0
gg (542).jpg,0
gg (543).jpg,0
gg (544).jpg,0
gg (545).jpg,0
gg (546).jpg,0
gg (547).jpg,0
gg (548).jpg,0
gg (549).jpg,0
gg (55).jpg,0
gg (550).jpg,0
gg (551).jpg,0
gg (552).jpg,0
gg (553).jpg,0
gg (554).jpg,0
gg (555).jpg,0
gg (556).jpg,0
gg (557).jpg,0
gg (558).jpg,0
gg (559).jpg,0
gg (56).jpg,0
gg (560).jpg,0
gg (561).jpg,0
gg (562).jpg,0
gg (563).jpg,0
gg (564).jpg,0
gg (565).jpg,0
gg (566).jpg,0
gg (567).jpg,0
gg (568).jpg,0
gg (569).jpg,0
gg (57).jpg,0
gg (570).jpg,0
gg (571).jpg,0
gg (572).jpg,0
gg (573).jpg,0
gg (574).jpg,0
gg (575).jpg,0
gg (576).jpg,0
gg (577).jpg,0
gg (578).jpg,0
gg (579).jpg,0
gg (58).jpg,0
gg (580).jpg,0
gg (581).jpg,0
gg (582).jpg,0
gg (583).jpg,0
gg (584).jpg,0
gg (585).jpg,0
gg (586).jpg,0
gg (587).jpg,0
gg (588).jpg,0
gg (589).jpg,0
gg (59).jpg,0
gg (590).jpg,0
gg (591).jpg,0
gg (592).jpg,0
gg (593).jpg,0
gg (594).jpg,0
gg (595).jpg,0
gg (596).jpg,0
gg (597).jpg,0
gg (598).jpg,0
gg (599).jpg,0
gg (6).jpg,0
gg (60).jpg,0
gg (600).jpg,0
gg (601).jpg,0
gg (602).jpg,0
gg (603).jpg,0
gg (604).jpg,0
gg (605).jpg,0
gg (606).jpg,0
gg (607).jpg,0
gg (608).jpg,0
gg (609).jpg,0
gg (61).jpg,0
gg (610).jpg,0
gg (611).jpg,0
gg (612).jpg,0
gg (613).jpg,0
gg (614).jpg,0
gg (615).jpg,0
gg (616).jpg,0
gg (617).jpg,0
gg (618).jpg,0
gg (619).jpg,0
gg (62).jpg,0
gg (620).jpg,0
gg (621).jpg,0
gg (622).jpg,0
gg (623).jpg,0
gg (624).jpg,0
gg (625).jpg,0
gg (626).jpg,0
gg (627).jpg,0
gg (628).jpg,0
gg (629).jpg,0
gg (63).jpg,0
gg (630).jpg,0
gg (631).jpg,0
gg (632).jpg,0
gg (633).jpg,0
gg (634).jpg,0
gg (635).jpg,0
gg (636).jpg,0
gg (637).jpg,0
gg (638).jpg,0
gg (639).jpg,0
gg (64).jpg,0
gg (640).jpg,0
gg (641).jpg,0
gg (642).jpg,0
gg (643).jpg,0
gg (644).jpg,0
gg (645).jpg,0
gg (646).jpg,0
gg (647).jpg,0
gg (648).jpg,0
gg (649).jpg,0
gg (65).jpg,0
gg (650).jpg,0
gg (651).jpg,0
gg (652).jpg,0
gg (653).jpg,0
gg (654).jpg,0
gg (655).jpg,0
gg (656).jpg,0
gg (657).jpg,0
gg (658).jpg,0
gg (659).jpg,0
gg (66).jpg,0
gg (660).jpg,0
gg (661).jpg,0
gg (662).jpg,0
gg (663).jpg,0
gg (664).jpg,0
gg (665).jpg,0
gg (666).jpg,0
gg (667).jpg,0
gg (668).jpg,0
gg (669).jpg,0
gg (67).jpg,0
gg (670).jpg,0
gg (671).jpg,0
gg (672).jpg,0
gg (673).jpg,0
gg (674).jpg,0
gg (675).jpg,0
gg (676).jpg,0
gg (677).jpg,0
gg (678).jpg,0
gg (679).jpg,0
gg (68).jpg,0
gg (680).jpg,0
gg (681).jpg,0
gg (682).jpg,0
gg (683).jpg,0
gg (684).jpg,0
gg (685).jpg,0
gg (686).jpg,0
gg (687).jpg,0
gg (688).jpg,0
gg (689).jpg,0
gg (69).jpg,0
gg (690).jpg,0
gg (691).jpg,0
gg (692).jpg,0
gg (693).jpg,0
gg (694).jpg,0
gg (695).jpg,0
gg (696).jpg,0
gg (697).jpg,0
gg (698).jpg,0
gg (699).jpg,0
gg (7).jpg,0
gg (70).jpg,0
gg (700).jpg,0
gg (701).jpg,0
gg (702).jpg,0
gg (703).jpg,0
gg (704).jpg,0
gg (705).jpg,0
gg (706).jpg,0
gg (707).jpg,0
gg (708).jpg,0
gg (709).jpg,0
gg (71).jpg,0
gg (710).jpg,0
gg (711).jpg,0
gg (712).jpg,0
gg (713).jpg,0
gg (714).jpg,0
gg (715).jpg,0
gg (716).jpg,0
gg (717).jpg,0
gg (718).jpg,0
gg (719).jpg,0
gg (72).jpg,0
gg (720).jpg,0
gg (721).jpg,0
gg (722).jpg,0
gg (723).jpg,0
gg (724).jpg,0
gg (725).jpg,0
gg (726).jpg,0
gg (727).jpg,0
gg (728).jpg,0
gg (729).jpg,0
gg (73).jpg,0
gg (730).jpg,0
gg (731).jpg,0
gg (732).jpg,0
gg (733).jpg,0
gg (734).jpg,0
gg (735).jpg,0
gg (736).jpg,0
gg (737).jpg,0
gg (738).jpg,0
gg (739).jpg,0
gg (74).jpg,0
gg (740).jpg,0
gg (741).jpg,0
gg (742).jpg,0
gg (743).jpg,0
gg (744).jpg,0
gg (745).jpg,0
gg (746).jpg,0
gg (747).jpg,0
gg (748).jpg,0
gg (749).jpg,0
gg (75).jpg,0
gg (750).jpg,0
gg (751).jpg,0
gg (752).jpg,0
gg (753).jpg,0
gg (754).jpg,0
gg (755).jpg,0
gg (756).jpg,0
gg (757).jpg,0
gg (758).jpg,0
gg (759).jpg,0
gg (76).jpg,0
gg (760).jpg,0
gg (761).jpg,0
gg (762).jpg,0
gg (763).jpg,0
gg (764).jpg,0
gg (765).jpg,0
gg (766).jpg,0
gg (767).jpg,0
gg (768).jpg,0
gg (769).jpg,0
gg (77).jpg,0
gg (770).jpg,0
gg (771).jpg,0
gg (772).jpg,0
gg (773).jpg,0
gg (774).jpg,0
gg (775).jpg,0
gg (776).jpg,0
gg (777).jpg,0
gg (778).jpg,0
gg (779).jpg,0
gg (78).jpg,0
gg (780).jpg,0
gg (781).jpg,0
gg (782).jpg,0
gg (783).jpg,0
gg (784).jpg,0
gg (785).jpg,0
gg (786).jpg,0
gg (787).jpg,0
gg (788).jpg,0
gg (789).jpg,0
gg (79).jpg,0
gg (790).jpg,0
gg (791).jpg,0
gg (792).jpg,0
gg (793).jpg,0
gg (794).jpg,0
gg (795).jpg,0
gg (796).jpg,0
gg (797).jpg,0
gg (798).jpg,0
gg (799).jpg,0
gg (8).jpg,0
gg (80).jpg,0
gg (800).jpg,0
gg (801).jpg,0
gg (802).jpg,0
gg (803).jpg,0
gg (804).jpg,0
gg (805).jpg,0
gg (806).jpg,0
gg (807).jpg,0
gg (808).jpg,0
gg (809).jpg,0
gg (81).jpg,0
gg (810).jpg,0
gg (811).jpg,0
gg (812).jpg,0
gg (813).jpg,0
gg (814).jpg,0
gg (815).jpg,0
gg (816).jpg,0
gg (817).jpg,0
gg (818).jpg,0
gg (819).jpg,0
gg (82).jpg,0
gg (820).jpg,0
gg (821).jpg,0
gg (822).jpg,0
gg (823).jpg,0
gg (824).jpg,0
gg (825).jpg,0
gg (826).jpg,0
gg (83).jpg,0
gg (84).jpg,0
gg (85).jpg,0
gg (86).jpg,0
gg (87).jpg,0
gg (88).jpg,0
gg (89).jpg,0
gg (9).jpg,0
gg (90).jpg,0
gg (91).jpg,0
gg (92).jpg,0
gg (93).jpg,0
gg (94).jpg,0
gg (95).jpg,0
gg (96).jpg,0
gg (97).jpg,0
gg (98).jpg,0
gg (99).jpg,0
m (10).jpg,1
m (100).jpg,1
m (101).jpg,1
m (102).jpg,1
m (103).jpg,1
m (104).jpg,1
m (105).jpg,1
m (106).jpg,1
m (107).jpg,1
m (108).jpg,1
m (109).jpg,1
m (11).jpg,1
m (110).jpg,1
m (111).jpg,1
m (112).jpg,1
m (113).jpg,1
m (114).jpg,1
m (115).jpg,1
m (116).jpg,1
m (117).jpg,1
m (118).jpg,1
m (119).jpg,1
m (12).jpg,1
m (120).jpg,1
m (121).jpg,1
m (122).jpg,1
m (123).jpg,1
m (124).jpg,1
m (125).jpg,1
m (126).jpg,1
m (127).jpg,1
m (128).jpg,1
m (129).jpg,1
m (13).jpg,1
m (130).jpg,1
m (131).jpg,1
m (132).jpg,1
m (133).jpg,1
m (134).jpg,1
m (135).jpg,1
m (136).jpg,1
m (137).jpg,1
m (138).jpg,1
m (139).jpg,1
m (14).jpg,1
m (140).jpg,1
m (141).jpg,1
m (142).jpg,1
m (143).jpg,1
m (144).jpg,1
m (145).jpg,1
m (146).jpg,1
m (147).jpg,1
m (148).jpg,1
m (149).jpg,1
m (15).jpg,1
m (150).jpg,1
m (151).jpg,1
m (152).jpg,1
m (153).jpg,1
m (154).jpg,1
m (155).jpg,1
m (156).jpg,1
m (157).jpg,1
m (158).jpg,1
m (159).jpg,1
m (16).jpg,1
m (160).jpg,1
m (161).jpg,1
m (162).jpg,1
m (163).jpg,1
m (164).jpg,1
m (165).jpg,1
m (166).jpg,1
m (167).jpg,1
m (168).jpg,1
m (169).jpg,1
m (17).jpg,1
m (170).jpg,1
m (171).jpg,1
m (172).jpg,1
m (173).jpg,1
m (174).jpg,1
m (175).jpg,1
m (176).jpg,1
m (177).jpg,1
m (178).jpg,1
m (179).jpg,1
m (18).jpg,1
m (180).jpg,1
m (181).jpg,1
m (182).jpg,1
m (183).jpg,1
m (184).jpg,1
m (185).jpg,1
m (186).jpg,1
m (187).jpg,1
m (188).jpg,1
m (189).jpg,1
m (19).jpg,1
m (190).jpg,1
m (191).jpg,1
m (192).jpg,1
m (193).jpg,1
m (194).jpg,1
m (195).jpg,1
m (196).jpg,1
m (197).jpg,1
m (198).jpg,1
m (199).jpg,1
m (2).jpg,1
m (20).jpg,1
m (200).jpg,1
m (201).jpg,1
m (21).jpg,1
m (22).jpg,1
m (23).jpg,1
m (24).jpg,1
m (25).jpg,1
m (26).jpg,1
m (27).jpg,1
m (28).jpg,1
m (29).jpg,1
m (3).jpg,1
m (30).jpg,1
m (31).jpg,1
m (32).jpg,1
m (33).jpg,1
m (34).jpg,1
m (35).jpg,1
m (36).jpg,1
m (37).jpg,1
m (38).jpg,1
m (39).jpg,1
m (4).jpg,1
m (40).jpg,1
m (41).jpg,1
m (42).jpg,1
m (43).jpg,1
m (44).jpg,1
m (45).jpg,1
m (46).jpg,1
m (47).jpg,1
m (48).jpg,1
m (49).jpg,1
m (5).jpg,1
m (50).jpg,1
m (51).jpg,1
m (52).jpg,1
m (53).jpg,1
m (54).jpg,1
m (55).jpg,1
m (56).jpg,1
m (57).jpg,1
m (58).jpg,1
m (59).jpg,1
m (6).jpg,1
m (60).jpg,1
m (61).jpg,1
m (62).jpg,1
m (63).jpg,1
m (64).jpg,1
m (65).jpg,1
m (66).jpg,1
m (67).jpg,1
m (68).jpg,1
m (69).jpg,1
m (7).jpg,1
m (70).jpg,1
m (71).jpg,1
m (72).jpg,1
m (73).jpg,1
m (74).jpg,1
m (75).jpg,1
m (76).jpg,1
m (77).jpg,1
m (78).jpg,1
m (79).jpg,1
m (8).jpg,1
m (80).jpg,1
m (81).jpg,1
m (82).jpg,1
m (83).jpg,1
m (84).jpg,1
m (85).jpg,1
m (86).jpg,1
m (87).jpg,1
m (88).jpg,1
m (89).jpg,1
m (9).jpg,1
m (90).jpg,1
m (91).jpg,1
m (92).jpg,1
m (93).jpg,1
m (94).jpg,1
m (95).jpg,1
m (96).jpg,1
m (97).jpg,1
m (98).jpg,1
m (99).jpg,1
m1(10).jpg,1
m1(100).jpg,1
m1(101).jpg,1
m1(102).jpg,1
m1(103).jpg,1
m1(104).jpg,1
m1(105).jpg,1
m1(106).jpg,1
m1(107).jpg,1
m1(108).jpg,1
m1(109).jpg,1
m1(11).jpg,1
m1(110).jpg,1
m1(111).jpg,1
m1(112).jpg,1
m1(113).jpg,1
m1(114).jpg,1
m1(116).jpg,1
m1(117).jpg,1
m1(118).jpg,1
m1(119).jpg,1
m1(12).jpg,1
m1(120).jpg,1
m1(121).jpg,1
m1(122).jpg,1
m1(123).jpg,1
m1(124).jpg,1
m1(125).jpg,1
m1(126).jpg,1
m1(127).jpg,1
m1(128).jpg,1
m1(129).jpg,1
m1(13).jpg,1
m1(130).jpg,1
m1(131).jpg,1
m1(132).jpg,1
m1(133).jpg,1
m1(134).jpg,1
m1(135).jpg,1
m1(136).jpg,1
m1(137).jpg,1
m1(138).jpg,1
m1(139).jpg,1
m1(14).jpg,1
m1(140).jpg,1
m1(141).jpg,1
m1(142).jpg,1
m1(143).jpg,1
m1(144).jpg,1
m1(145).jpg,1
m1(146).jpg,1
m1(147).jpg,1
m1(148).jpg,1
m1(149).jpg,1
m1(15).jpg,1
m1(150).jpg,1
m1(151).jpg,1
m1(152).jpg,1
m1(153).jpg,1
m1(154).jpg,1
m1(155).jpg,1
m1(156).jpg,1
m1(157).jpg,1
m1(158).jpg,1
m1(159).jpg,1
m1(16).jpg,1
m1(160).jpg,1
m1(161).jpg,1
m1(162).jpg,1
m1(163).jpg,1
m1(165).jpg,1
m1(166).jpg,1
m1(167).jpg,1
m1(168).jpg,1
m1(169).jpg,1
m1(17).jpg,1
m1(170).jpg,1
m1(171).jpg,1
m1(172).jpg,1
m1(173).jpg,1
m1(174).jpg,1
m1(175).jpg,1
m1(176).jpg,1
m1(177).jpg,1
m1(178).jpg,1
m1(179).jpg,1
m1(18).jpg,1
m1(180).jpg,1
m1(181).jpg,1
m1(182).jpg,1
m1(183).jpg,1
m1(184).jpg,1
m1(185).jpg,1
m1(186).jpg,1
m1(187).jpg,1
m1(188).jpg,1
m1(189).jpg,1
m1(19).jpg,1
m1(190).jpg,1
m1(191).jpg,1
m1(192).jpg,1
m1(193).jpg,1
m1(194).jpg,1
m1(195).jpg,1
m1(196).jpg,1
m1(197).jpg,1
m1(198).jpg,1
m1(199).jpg,1
m1(2).jpg,1
m1(20).jpg,1
m1(200).jpg,1
m1(201).jpg,1
m1(202).jpg,1
m1(21).jpg,1
m1(22).jpg,1
m1(23).jpg,1
m1(24).jpg,1
m1(25).jpg,1
m1(26).jpg,1
m1(27).jpg,1
m1(28).jpg,1
m1(29).jpg,1
m1(3).jpg,1
m1(30).jpg,1
m1(31).jpg,1
m1(32).jpg,1
m1(33).jpg,1
m1(34).jpg,1
m1(35).jpg,1
m1(36).jpg,1
m1(37).jpg,1
m1(38).jpg,1
m1(39).jpg,1
m1(4).jpg,1
m1(40).jpg,1
m1(41).jpg,1
m1(42).jpg,1
m1(43).jpg,1
m1(44).jpg,1
m1(45).jpg,1
m1(46).jpg,1
m1(47).jpg,1
m1(48).jpg,1
m1(49).jpg,1
m1(5).jpg,1
m1(50).jpg,1
m1(51).jpg,1
m1(52).jpg,1
m1(53).jpg,1
m1(54).jpg,1
m1(55).jpg,1
m1(56).jpg,1
m1(57).jpg,1
m1(58).jpg,1
m1(59).jpg,1
m1(6).jpg,1
m1(60).jpg,1
m1(61).jpg,1
m1(62).jpg,1
m1(63).jpg,1
m1(64).jpg,1
m1(65).jpg,1
m1(66).jpg,1
m1(67).jpg,1
m1(68).jpg,1
m1(69).jpg,1
m1(7).jpg,1
m1(70).jpg,1
m1(71).jpg,1
m1(72).jpg,1
m1(73).jpg,1
m1(74).jpg,1
m1(75).jpg,1
m1(76).jpg,1
m1(77).jpg,1
m1(78).jpg,1
m1(79).jpg,1
m1(8).jpg,1
m1(80).jpg,1
m1(81).jpg,1
m1(82).jpg,1
m1(83).jpg,1
m1(84).jpg,1
m1(85).jpg,1
m1(86).jpg,1
m1(87).jpg,1
m1(88).jpg,1
m1(89).jpg,1
m1(9).jpg,1
m1(90).jpg,1
m1(91).jpg,1
m1(92).jpg,1
m1(93).jpg,1
m1(94).jpg,1
m1(95).jpg,1
m1(96).jpg,1
m1(97).jpg,1
m1(98).jpg,1
m1(99).jpg,1
m2 (1).jpg,1
m2 (10).jpg,1
m2 (100).jpg,1
m2 (101).jpg,1
m2 (102).jpg,1
m2 (103).jpg,1
m2 (104).jpg,1
m2 (105).jpg,1
m2 (106).jpg,1
m2 (107).jpg,1
m2 (108).jpg,1
m2 (109).jpg,1
m2 (11).jpg,1
m2 (110).jpg,1
m2 (111).jpg,1
m2 (112).jpg,1
m2 (113).jpg,1
m2 (114).jpg,1
m2 (115).jpg,1
m2 (116).jpg,1
m2 (117).jpg,1
m2 (118).jpg,1
m2 (119).jpg,1
m2 (12).jpg,1
m2 (120).jpg,1
m2 (121).jpg,1
m2 (122).jpg,1
m2 (123).jpg,1
m2 (124).jpg,1
m2 (125).jpg,1
m2 (126).jpg,1
m2 (127).jpg,1
m2 (128).jpg,1
m2 (129).jpg,1
m2 (13).jpg,1
m2 (130).jpg,1
m2 (131).jpg,1
m2 (132).jpg,1
m2 (133).jpg,1
m2 (134).jpg,1
m2 (135).jpg,1
m2 (136).jpg,1
m2 (137).jpg,1
m2 (138).jpg,1
m2 (139).jpg,1
m2 (14).jpg,1
m2 (140).jpg,1
m2 (141).jpg,1
m2 (142).jpg,1
m2 (143).jpg,1
m2 (144).jpg,1
m2 (145).jpg,1
m2 (146).jpg,1
m2 (147).jpg,1
m2 (148).jpg,1
m2 (149).jpg,1
m2 (15).jpg,1
m2 (150).jpg,1
m2 (151).jpg,1
m2 (152).jpg,1
m2 (153).jpg,1
m2 (154).jpg,1
m2 (155).jpg,1
m2 (156).jpg,1
m2 (157).jpg,1
m2 (158).jpg,1
m2 (159).jpg,1
m2 (16).jpg,1
m2 (160).jpg,1
m2 (161).jpg,1
m2 (162).jpg,1
m2 (163).jpg,1
m2 (164).jpg,1
m2 (165).jpg,1
m2 (166).jpg,1
m2 (167).jpg,1
m2 (168).jpg,1
m2 (169).jpg,1
m2 (17).jpg,1
m2 (170).jpg,1
m2 (171).jpg,1
m2 (172).jpg,1
m2 (173).jpg,1
m2 (174).jpg,1
m2 (175).jpg,1
m2 (176).jpg,1
m2 (177).jpg,1
m2 (18).jpg,1
m2 (19).jpg,1
m2 (2).jpg,1
m2 (20).jpg,1
m2 (21).jpg,1
m2 (22).jpg,1
m2 (23).jpg,1
m2 (24).jpg,1
m2 (25).jpg,1
m2 (26).jpg,1
m2 (27).jpg,1
m2 (28).jpg,1
m2 (29).jpg,1
m2 (3).jpg,1
m2 (30).jpg,1
m2 (31).jpg,1
m2 (32).jpg,1
m2 (33).jpg,1
m2 (34).jpg,1
m2 (35).jpg,1
m2 (36).jpg,1
m2 (37).jpg,1
m2 (38).jpg,1
m2 (39).jpg,1
m2 (4).jpg,1
m2 (40).jpg,1
m2 (41).jpg,1
m2 (42).jpg,1
m2 (43).jpg,1
m2 (44).jpg,1
m2 (45).jpg,1
m2 (46).jpg,1
m2 (47).jpg,1
m2 (48).jpg,1
m2 (49).jpg,1
m2 (5).jpg,1
m2 (50).jpg,1
m2 (51).jpg,1
m2 (52).jpg,1
m2 (53).jpg,1
m2 (54).jpg,1
m2 (55).jpg,1
m2 (56).jpg,1
m2 (57).jpg,1
m2 (58).jpg,1
m2 (59).jpg,1
m2 (6).jpg,1
m2 (60).jpg,1
m2 (61).jpg,1
m2 (62).jpg,1
m2 (63).jpg,1
m2 (64).jpg,1
m2 (65).jpg,1
m2 (66).jpg,1
m2 (67).jpg,1
m2 (68).jpg,1
m2 (69).jpg,1
m2 (7).jpg,1
m2 (70).jpg,1
m2 (71).jpg,1
m2 (72).jpg,1
m2 (73).jpg,1
m2 (74).jpg,1
m2 (75).jpg,1
m2 (76).jpg,1
m2 (77).jpg,1
m2 (78).jpg,1
m2 (79).jpg,1
m2 (8).jpg,1
m2 (80).jpg,1
m2 (81).jpg,1
m2 (82).jpg,1
m2 (83).jpg,1
m2 (84).jpg,1
m2 (85).jpg,1
m2 (86).jpg,1
m2 (87).jpg,1
m2 (88).jpg,1
m2 (89).jpg,1
m2 (9).jpg,1
m2 (90).jpg,1
m2 (91).jpg,1
m2 (92).jpg,1
m2 (93).jpg,1
m2 (94).jpg,1
m2 (95).jpg,1
m2 (96).jpg,1
m2 (97).jpg,1
m2 (98).jpg,1
m2 (99).jpg,1
m3 (1).jpg,1
m3 (10).jpg,1
m3 (100).jpg,1
m3 (101).jpg,1
m3 (102).jpg,1
m3 (103).jpg,1
m3 (104).jpg,1
m3 (105).jpg,1
m3 (106).jpg,1
m3 (107).jpg,1
m3 (108).jpg,1
m3 (109).jpg,1
m3 (11).jpg,1
m3 (110).jpg,1
m3 (111).jpg,1
m3 (112).jpg,1
m3 (113).jpg,1
m3 (114).jpg,1
m3 (115).jpg,1
m3 (116).jpg,1
m3 (117).jpg,1
m3 (118).jpg,1
m3 (119).jpg,1
m3 (12).jpg,1
m3 (120).jpg,1
m3 (121).jpg,1
m3 (122).jpg,1
m3 (123).jpg,1
m3 (124).jpg,1
m3 (125).jpg,1
m3 (126).jpg,1
m3 (127).jpg,1
m3 (128).jpg,1
m3 (129).jpg,1
m3 (13).jpg,1
m3 (130).jpg,1
m3 (131).jpg,1
m3 (132).jpg,1
m3 (133).jpg,1
m3 (134).jpg,1
m3 (135).jpg,1
m3 (136).jpg,1
m3 (137).jpg,1
m3 (138).jpg,1
m3 (139).jpg,1
m3 (14).jpg,1
m3 (140).jpg,1
m3 (141).jpg,1
m3 (142).jpg,1
m3 (143).jpg,1
m3 (145).jpg,1
m3 (146).jpg,1
m3 (147).jpg,1
m3 (148).jpg,1
m3 (149).jpg,1
m3 (15).jpg,1
m3 (150).jpg,1
m3 (151).jpg,1
m3 (152).jpg,1
m3 (153).jpg,1
m3 (154).jpg,1
m3 (155).jpg,1
m3 (156).jpg,1
m3 (157).jpg,1
m3 (158).jpg,1
m3 (159).jpg,1
m3 (16).jpg,1
m3 (160).jpg,1
m3 (161).jpg,1
m3 (162).jpg,1
m3 (163).jpg,1
m3 (164).jpg,1
m3 (165).jpg,1
m3 (166).jpg,1
m3 (167).jpg,1
m3 (168).jpg,1
m3 (169).jpg,1
m3 (17).jpg,1
m3 (170).jpg,1
m3 (171).jpg,1
m3 (172).jpg,1
m3 (173).jpg,1
m3 (174).jpg,1
m3 (175).jpg,1
m3 (176).jpg,1
m3 (177).jpg,1
m3 (178).jpg,1
m3 (179).jpg,1
m3 (18).jpg,1
m3 (180).jpg,1
m3 (181).jpg,1
m3 (182).jpg,1
m3 (183).jpg,1
m3 (184).jpg,1
m3 (185).jpg,1
m3 (186).jpg,1
m3 (187).jpg,1
m3 (188).jpg,1
m3 (189).jpg,1
m3 (19).jpg,1
m3 (190).jpg,1
m3 (191).jpg,1
m3 (192).jpg,1
m3 (193).jpg,1
m3 (194).jpg,1
m3 (195).jpg,1
m3 (196).jpg,1
m3 (197).jpg,1
m3 (198).jpg,1
m3 (199).jpg,1
m3 (2).jpg,1
m3 (20).jpg,1
m3 (200).jpg,1
m3 (201).jpg,1
m3 (202).jpg,1
m3 (203).jpg,1
m3 (204).jpg,1
m3 (205).jpg,1
m3 (206).jpg,1
m3 (207).jpg,1
m3 (208).jpg,1
m3 (209).jpg,1
m3 (21).jpg,1
m3 (210).jpg,1
m3 (211).jpg,1
m3 (212).jpg,1
m3 (213).jpg,1
m3 (214).jpg,1
m3 (215).jpg,1
m3 (216).jpg,1
m3 (217).jpg,1
m3 (218).jpg,1
m3 (219).jpg,1
m3 (22).jpg,1
m3 (220).jpg,1
m3 (221).jpg,1
m3 (222).jpg,1
m3 (223).jpg,1
m3 (224).jpg,1
m3 (225).jpg,1
m3 (226).jpg,1
m3 (227).jpg,1
m3 (228).jpg,1
m3 (229).jpg,1
m3 (23).jpg,1
m3 (230).jpg,1
m3 (231).jpg,1
m3 (232).jpg,1
m3 (233).jpg,1
m3 (234).jpg,1
m3 (235).jpg,1
m3 (236).jpg,1
m3 (237).jpg,1
m3 (238).jpg,1
m3 (239).jpg,1
m3 (24).jpg,1
m3 (240).jpg,1
m3 (241).jpg,1
m3 (242).jpg,1
m3 (243).jpg,1
m3 (244).jpg,1
m3 (245).jpg,1
m3 (246).jpg,1
m3 (247).jpg,1
m3 (25).jpg,1
m3 (26).jpg,1
m3 (27).jpg,1
m3 (28).jpg,1
m3 (29).jpg,1
m3 (3).jpg,1
m3 (30).jpg,1
m3 (31).jpg,1
m3 (32).jpg,1
m3 (33).jpg,1
m3 (34).jpg,1
m3 (35).jpg,1
m3 (36).jpg,1
m3 (37).jpg,1
m3 (38).jpg,1
m3 (39).jpg,1
m3 (4).jpg,1
m3 (40).jpg,1
m3 (41).jpg,1
m3 (42).jpg,1
m3 (43).jpg,1
m3 (44).jpg,1
m3 (45).jpg,1
m3 (46).jpg,1
m3 (47).jpg,1
m3 (48).jpg,1
m3 (49).jpg,1
m3 (5).jpg,1
m3 (50).jpg,1
m3 (51).jpg,1
m3 (52).jpg,1
m3 (53).jpg,1
m3 (54).jpg,1
m3 (55).jpg,1
m3 (56).jpg,1
m3 (57).jpg,1
m3 (58).jpg,1
m3 (59).jpg,1
m3 (6).jpg,1
m3 (60).jpg,1
m3 (61).jpg,1
m3 (62).jpg,1
m3 (63).jpg,1
m3 (64).jpg,1
m3 (65).jpg,1
m3 (66).jpg,1
m3 (67).jpg,1
m3 (68).jpg,1
m3 (69).jpg,1
m3 (7).jpg,1
m3 (70).jpg,1
m3 (71).jpg,1
m3 (72).jpg,1
m3 (73).jpg,1
m3 (74).jpg,1
m3 (75).jpg,1
m3 (76).jpg,1
m3 (77).jpg,1
m3 (78).jpg,1
m3 (79).jpg,1
m3 (8).jpg,1
m3 (80).jpg,1
m3 (81).jpg,1
m3 (82).jpg,1
m3 (83).jpg,1
m3 (84).jpg,1
m3 (85).jpg,1
m3 (86).jpg,1
m3 (87).jpg,1
m3 (88).jpg,1
m3 (89).jpg,1
m3 (9).jpg,1
m3 (90).jpg,1
m3 (91).jpg,1
m3 (92).jpg,1
m3 (93).jpg,1
m3 (94).jpg,1
m3 (95).jpg,1
m3 (96).jpg,1
m3 (97).jpg,1
m3 (98).jpg,1
m3 (99).jpg,1
1.jpg,2
2.jpg,2
3.jpg,2
4.jpg,2
5.jpg,2
6.jpg,2
7.jpg,2
8.jpg,2
image (10).jpg,2
image (11).jpg,2
image (12).jpg,2
image (13).jpg,2
image (14).jpg,2
image (15).jpg,2
image (16).jpg,2
image (17).jpg,2
image (18).jpg,2
image (19).jpg,2
image (20).jpg,2
image (21).jpg,2
image (22).jpg,2
image (23).jpg,2
image (24).jpg,2
image (25).jpg,2
image (26).jpg,2
image (27).jpg,2
image (28).jpg,2
image (29).jpg,2
image (30).jpg,2
image (31).jpg,2
image (32).jpg,2
image (33).jpg,2
image (34).jpg,2
image (35).jpg,2
image (36).jpg,2
image (37).jpg,2
image (38).jpg,2
image (39).jpg,2
image (4).jpg,2
image (40).jpg,2
image (41).jpg,2
image (42).jpg,2
image (43).jpg,2
image (44).jpg,2
image (45).jpg,2
image (46).jpg,2
image (47).jpg,2
image (48).jpg,2
image (49).jpg,2
image (5).jpg,2
image (50).jpg,2
image (51).jpg,2
image (52).jpg,2
image (53).jpg,2
image (54).jpg,2
image (55).jpg,2
image (56).jpg,2
image (57).jpg,2
image (58).jpg,2
image (59).jpg,2
image (6).jpg,2
image (60).jpg,2
image (61).jpg,2
image (62).jpg,2
image (63).jpg,2
image (64).jpg,2
image (7).jpg,2
image (8).jpg,2
image (9).jpg,2
image(1).jpg,2
image(10).jpg,2
image(100).jpg,2
image(101).jpg,2
image(102).jpg,2
image(103).jpg,2
image(104).jpg,2
image(105).jpg,2
image(106).jpg,2
image(107).jpg,2
image(108).jpg,2
image(11).jpg,2
image(110).jpg,2
image(111).jpg,2
image(112).jpg,2
image(113).jpg,2
image(114).jpg,2
image(115).jpg,2
image(116).jpg,2
image(117).jpg,2
image(118).jpg,2
image(119).jpg,2
image(12).jpg,2
image(120).jpg,2
image(121).jpg,2
image(122).jpg,2
image(123).jpg,2
image(124).jpg,2
image(125).jpg,2
image(126).jpg,2
image(127).jpg,2
image(128).jpg,2
image(129).jpg,2
image(13).jpg,2
image(130).jpg,2
image(131).jpg,2
image(132).jpg,2
image(133).jpg,2
image(134).jpg,2
image(135).jpg,2
image(136).jpg,2
image(137).jpg,2
image(138).jpg,2
image(139).jpg,2
image(14).jpg,2
image(140).jpg,2
image(141).jpg,2
image(142).jpg,2
image(143).jpg,2
image(144).jpg,2
image(145).jpg,2
image(146).jpg,2
image(147).jpg,2
image(148).jpg,2
image(149).jpg,2
image(15).jpg,2
image(150).jpg,2
image(151).jpg,2
image(152).jpg,2
image(153).jpg,2
image(154).jpg,2
image(155).jpg,2
image(156).jpg,2
image(157).jpg,2
image(158).jpg,2
image(159).jpg,2
image(16).jpg,2
image(160).jpg,2
image(161).jpg,2
image(162).jpg,2
image(163).jpg,2
image(164).jpg,2
image(165).jpg,2
image(166).jpg,2
image(167).jpg,2
image(168).jpg,2
image(169).jpg,2
image(17).jpg,2
image(170).jpg,2
image(171).jpg,2
image(172).jpg,2
image(173).jpg,2
image(174).jpg,2
image(175).jpg,2
image(176).jpg,2
image(177).jpg,2
image(178).jpg,2
image(179).jpg,2
image(18).jpg,2
image(180).jpg,2
image(181).jpg,2
image(182).jpg,2
image(183).jpg,2
image(184).jpg,2
image(185).jpg,2
image(186).jpg,2
image(187).jpg,2
image(188).jpg,2
image(189).jpg,2
image(19).jpg,2
image(190).jpg,2
image(191).jpg,2
image(192).jpg,2
image(193).jpg,2
image(194).jpg,2
image(195).jpg,2
image(196).jpg,2
image(197).jpg,2
image(198).jpg,2
image(199).jpg,2
image(2).jpg,2
image(20).jpg,2
image(200).jpg,2
image(201).jpg,2
image(202).jpg,2
image(203).jpg,2
image(204).jpg,2
image(205).jpg,2
image(206).jpg,2
image(207).jpg,2
image(208).jpg,2
image(209).jpg,2
image(21).jpg,2
image(210).jpg,2
image(211).jpg,2
image(212).jpg,2
image(213).jpg,2
image(214).jpg,2
image(215).jpg,2
image(216).jpg,2
image(217).jpg,2
image(218).jpg,2
image(219).jpg,2
image(22).jpg,2
image(220).jpg,2
image(221).jpg,2
image(222).jpg,2
image(223).jpg,2
image(224).jpg,2
image(225).jpg,2
image(226).jpg,2
image(227).jpg,2
image(228).jpg,2
image(229).jpg,2
image(23).jpg,2
image(230).jpg,2
image(231).jpg,2
image(232).jpg,2
image(233).jpg,2
image(234).jpg,2
image(235).jpg,2
image(236).jpg,2
image(237).jpg,2
image(238).jpg,2
image(239).jpg,2
image(24).jpg,2
image(240).jpg,2
image(241).jpg,2
image(242).jpg,2
image(243).jpg,2
image(244).jpg,2
image(245).jpg,2
image(246).jpg,2
image(247).jpg,2
image(248).jpg,2
image(249).jpg,2
image(25).jpg,2
image(250).jpg,2
image(251).jpg,2
image(252).jpg,2
image(253).jpg,2
image(254).jpg,2
image(255).jpg,2
image(256).jpg,2
image(257).jpg,2
image(258).jpg,2
image(259).jpg,2
image(26).jpg,2
image(260).jpg,2
image(261).jpg,2
image(262).jpg,2
image(263).jpg,2
image(264).jpg,2
image(265).jpg,2
image(266).jpg,2
image(267).jpg,2
image(268).jpg,2
image(269).jpg,2
image(27).jpg,2
image(270).jpg,2
image(271).jpg,2
image(272).jpg,2
image(273).jpg,2
image(274).jpg,2
image(275).jpg,2
image(276).jpg,2
image(277).jpg,2
image(278).jpg,2
image(279).jpg,2
image(28).jpg,2
image(280).jpg,2
image(281).jpg,2
image(282).jpg,2
image(283).jpg,2
image(284).jpg,2
image(285).jpg,2
image(286).jpg,2
image(287).jpg,2
image(288).jpg,2
image(289).jpg,2
image(29).jpg,2
image(290).jpg,2
image(291).jpg,2
image(292).jpg,2
image(293).jpg,2
image(294).jpg,2
image(295).jpg,2
image(296).jpg,2
image(297).jpg,2
image(298).jpg,2
image(299).jpg,2
image(3).jpg,2
image(30).jpg,2
image(300).jpg,2
image(301).jpg,2
image(302).jpg,2
image(303).jpg,2
image(304).jpg,2
image(305).jpg,2
image(306).jpg,2
image(307).jpg,2
image(308).jpg,2
image(309).jpg,2
image(31).jpg,2
image(310).jpg,2
image(311).jpg,2
image(312).jpg,2
image(313).jpg,2
image(314).jpg,2
image(315).jpg,2
image(316).jpg,2
image(317).jpg,2
image(318).jpg,2
image(319).jpg,2
image(32).jpg,2
image(320).jpg,2
image(321).jpg,2
image(322).jpg,2
image(323).jpg,2
image(324).jpg,2
image(325).jpg,2
image(326).jpg,2
image(327).jpg,2
image(33).jpg,2
image(34).jpg,2
image(35).jpg,2
image(36).jpg,2
image(37).jpg,2
image(38).jpg,2
image(39).jpg,2
image(4).jpg,2
image(40).jpg,2
image(41).jpg,2
image(42).jpg,2
image(43).jpg,2
image(44).jpg,2
image(45).jpg,2
image(46).jpg,2
image(47).jpg,2
image(48).jpg,2
image(49).jpg,2
image(5).jpg,2
image(50).jpg,2
image(51).jpg,2
image(52).jpg,2
image(53).jpg,2
image(54).jpg,2
image(55).jpg,2
image(56).jpg,2
image(57).jpg,2
image(58).jpg,2
image(59).jpg,2
image(6).jpg,2
image(60).jpg,2
image(61).jpg,2
image(62).jpg,2
image(63).jpg,2
image(64).jpg,2
image(65).jpg,2
image(66).jpg,2
image(67).jpg,2
image(68).jpg,2
image(69).jpg,2
image(7).jpg,2
image(70).jpg,2
image(71).jpg,2
image(72).jpg,2
image(73).jpg,2
image(74).jpg,2
image(75).jpg,2
image(76).jpg,2
image(77).jpg,2
image(78).jpg,2
image(79).jpg,2
image(8).jpg,2
image(80).jpg,2
image(81).jpg,2
image(82).jpg,2
image(83).jpg,2
image(84).jpg,2
image(85).jpg,2
image(86).jpg,2
image(87).jpg,2
image(88).jpg,2
image(89).jpg,2
image(9).jpg,2
image(90).jpg,2
image(91).jpg,2
image(92).jpg,2
image(93).jpg,2
image(94).jpg,2
image(95).jpg,2
image(96).jpg,2
image(98).jpg,2
image(99).jpg,2
image.jpg,2
p (1).jpg,3
p (10).jpg,3
p (100).jpg,3
p (101).jpg,3
p (102).jpg,3
p (103).jpg,3
p (104).jpg,3
p (105).jpg,3
p (106).jpg,3
p (107).jpg,3
p (108).jpg,3
p (109).jpg,3
p (11).jpg,3
p (110).jpg,3
p (111).jpg,3
p (112).jpg,3
p (113).jpg,3
p (114).jpg,3
p (115).jpg,3
p (116).jpg,3
p (117).jpg,3
p (118).jpg,3
p (119).jpg,3
p (12).jpg,3
p (120).jpg,3
p (121).jpg,3
p (122).jpg,3
p (123).jpg,3
p (124).jpg,3
p (125).jpg,3
p (126).jpg,3
p (127).jpg,3
p (128).jpg,3
p (129).jpg,3
p (13).jpg,3
p (130).jpg,3
p (131).jpg,3
p (132).jpg,3
p (133).jpg,3
p (134).jpg,3
p (135).jpg,3
p (136).jpg,3
p (137).jpg,3
p (138).jpg,3
p (139).jpg,3
p (14).jpg,3
p (140).jpg,3
p (141).jpg,3
p (142).jpg,3
p (143).jpg,3
p (144).jpg,3
p (145).jpg,3
p (146).jpg,3
p (147).jpg,3
p (148).jpg,3
p (149).jpg,3
p (15).jpg,3
p (150).jpg,3
p (151).jpg,3
p (152).jpg,3
p (153).jpg,3
p (154).jpg,3
p (155).jpg,3
p (156).jpg,3
p (157).jpg,3
p (158).jpg,3
p (159).jpg,3
p (16).jpg,3
p (160).jpg,3
p (161).jpg,3
p (162).jpg,3
p (163).jpg,3
p (164).jpg,3
p (165).jpg,3
p (166).jpg,3
p (167).jpg,3
p (168).jpg,3
p (169).jpg,3
p (17).jpg,3
p (170).jpg,3
p (171).jpg,3
p (172).jpg,3
p (173).jpg,3
p (174).jpg,3
p (175).jpg,3
p (176).jpg,3
p (177).jpg,3
p (178).jpg,3
p (179).jpg,3
p (18).jpg,3
p (180).jpg,3
p (181).jpg,3
p (182).jpg,3
p (183).jpg,3
p (184).jpg,3
p (185).jpg,3
p (186).jpg,3
p (187).jpg,3
p (188).jpg,3
p (189).jpg,3
p (19).jpg,3
p (190).jpg,3
p (191).jpg,3
p (192).jpg,3
p (193).jpg,3
p (194).jpg,3
p (195).jpg,3
p (196).jpg,3
p (197).jpg,3
p (198).jpg,3
p (199).jpg,3
p (2).jpg,3
p (20).jpg,3
p (200).jpg,3
p (201).jpg,3
p (202).jpg,3
p (203).jpg,3
p (204).jpg,3
p (205).jpg,3
p (206).jpg,3
p (207).jpg,3
p (208).jpg,3
p (209).jpg,3
p (21).jpg,3
p (210).jpg,3
p (211).jpg,3
p (212).jpg,3
p (213).jpg,3
p (214).jpg,3
p (215).jpg,3
p (216).jpg,3
p (217).jpg,3
p (218).jpg,3
p (219).jpg,3
p (22).jpg,3
p (220).jpg,3
p (221).jpg,3
p (222).jpg,3
p (223).jpg,3
p (224).jpg,3
p (225).jpg,3
p (226).jpg,3
p (227).jpg,3
p (228).jpg,3
p (229).jpg,3
p (23).jpg,3
p (230).jpg,3
p (231).jpg,3
p (232).jpg,3
p (233).jpg,3
p (234).jpg,3
p (235).jpg,3
p (236).jpg,3
p (237).jpg,3
p (238).jpg,3
p (239).jpg,3
p (24).jpg,3
p (240).jpg,3
p (241).jpg,3
p (242).jpg,3
p (243).jpg,3
p (244).jpg,3
p (245).jpg,3
p (246).jpg,3
p (247).jpg,3
p (248).jpg,3
p (249).jpg,3
p (25).jpg,3
p (250).jpg,3
p (251).jpg,3
p (252).jpg,3
p (253).jpg,3
p (254).jpg,3
p (255).jpg,3
p (256).jpg,3
p (257).jpg,3
p (258).jpg,3
p (259).jpg,3
p (26).jpg,3
p (260).jpg,3
p (261).jpg,3
p (262).jpg,3
p (263).jpg,3
p (264).jpg,3
p (265).jpg,3
p (266).jpg,3
p (267).jpg,3
p (268).jpg,3
p (269).jpg,3
p (27).jpg,3
p (270).jpg,3
p (271).jpg,3
p (272).jpg,3
p (273).jpg,3
p (274).jpg,3
p (275).jpg,3
p (276).jpg,3
p (277).jpg,3
p (278).jpg,3
p (279).jpg,3
p (28).jpg,3
p (280).jpg,3
p (281).jpg,3
p (282).jpg,3
p (283).jpg,3
p (284).jpg,3
p (285).jpg,3
p (286).jpg,3
p (287).jpg,3
p (288).jpg,3
p (289).jpg,3
p (29).jpg,3
p (290).jpg,3
p (291).jpg,3
p (292).jpg,3
p (293).jpg,3
p (294).jpg,3
p (295).jpg,3
p (296).jpg,3
p (297).jpg,3
p (298).jpg,3
p (299).jpg,3
p (3).jpg,3
p (30).jpg,3
p (300).jpg,3
p (301).jpg,3
p (302).jpg,3
p (303).jpg,3
p (304).jpg,3
p (305).jpg,3
p (306).jpg,3
p (307).jpg,3
p (308).jpg,3
p (309).jpg,3
p (31).jpg,3
p (310).jpg,3
p (311).jpg,3
p (312).jpg,3
p (313).jpg,3
p (314).jpg,3
p (315).jpg,3
p (316).jpg,3
p (317).jpg,3
p (318).jpg,3
p (319).jpg,3
p (32).jpg,3
p (320).jpg,3
p (321).jpg,3
p (322).jpg,3
p (323).jpg,3
p (324).jpg,3
p (325).jpg,3
p (326).jpg,3
p (327).jpg,3
p (328).jpg,3
p (329).jpg,3
p (33).jpg,3
p (330).jpg,3
p (331).jpg,3
p (332).jpg,3
p (333).jpg,3
p (334).jpg,3
p (335).jpg,3
p (336).jpg,3
p (337).jpg,3
p (338).jpg,3
p (339).jpg,3
p (34).jpg,3
p (340).jpg,3
p (341).jpg,3
p (342).jpg,3
p (343).jpg,3
p (344).jpg,3
p (345).jpg,3
p (346).jpg,3
p (347).jpg,3
p (348).jpg,3
p (349).jpg,3
p (35).jpg,3
p (350).jpg,3
p (351).jpg,3
p (352).jpg,3
p (353).jpg,3
p (354).jpg,3
p (355).jpg,3
p (356).jpg,3
p (357).jpg,3
p (358).jpg,3
p (359).jpg,3
p (36).jpg,3
p (360).jpg,3
p (361).jpg,3
p (362).jpg,3
p (363).jpg,3
p (364).jpg,3
p (365).jpg,3
p (366).jpg,3
p (367).jpg,3
p (368).jpg,3
p (369).jpg,3
p (37).jpg,3
p (370).jpg,3
p (371).jpg,3
p (372).jpg,3
p (373).jpg,3
p (374).jpg,3
p (375).jpg,3
p (376).jpg,3
p (377).jpg,3
p (378).jpg,3
p (379).jpg,3
p (38).jpg,3
p (380).jpg,3
p (381).jpg,3
p (382).jpg,3
p (383).jpg,3
p (384).jpg,3
p (385).jpg,3
p (386).jpg,3
p (387).jpg,3
p (388).jpg,3
p (389).jpg,3
p (39).jpg,3
p (390).jpg,3
p (391).jpg,3
p (392).jpg,3
p (393).jpg,3
p (394).jpg,3
p (395).jpg,3
p (396).jpg,3
p (397).jpg,3
p (398).jpg,3
p (399).jpg,3
p (4).jpg,3
p (40).jpg,3
p (400).jpg,3
p (401).jpg,3
p (402).jpg,3
p (403).jpg,3
p (404).jpg,3
p (405).jpg,3
p (406).jpg,3
p (407).jpg,3
p (408).jpg,3
p (409).jpg,3
p (41).jpg,3
p (410).jpg,3
p (411).jpg,3
p (412).jpg,3
p (413).jpg,3
p (414).jpg,3
p (415).jpg,3
p (416).jpg,3
p (417).jpg,3
p (418).jpg,3
p (419).jpg,3
p (42).jpg,3
p (420).jpg,3
p (421).jpg,3
p (422).jpg,3
p (423).jpg,3
p (424).jpg,3
p (425).jpg,3
p (426).jpg,3
p (427).jpg,3
p (428).jpg,3
p (429).jpg,3
p (43).jpg,3
p (430).jpg,3
p (431).jpg,3
p (432).jpg,3
p (433).jpg,3
p (434).jpg,3
p (435).jpg,3
p (436).jpg,3
p (437).jpg,3
p (438).jpg,3
p (439).jpg,3
p (44).jpg,3
p (440).jpg,3
p (441).jpg,3
p (442).jpg,3
p (443).jpg,3
p (444).jpg,3
p (445).jpg,3
p (446).jpg,3
p (447).jpg,3
p (448).jpg,3
p (449).jpg,3
p (45).jpg,3
p (450).jpg,3
p (451).jpg,3
p (452).jpg,3
p (453).jpg,3
p (454).jpg,3
p (455).jpg,3
p (456).jpg,3
p (457).jpg,3
p (458).jpg,3
p (459).jpg,3
p (46).jpg,3
p (460).jpg,3
p (461).jpg,3
p (462).jpg,3
p (463).jpg,3
p (464).jpg,3
p (465).jpg,3
p (466).jpg,3
p (467).jpg,3
p (468).jpg,3
p (469).jpg,3
p (47).jpg,3
p (470).jpg,3
p (471).jpg,3
p (472).jpg,3
p (473).jpg,3
p (474).jpg,3
p (475).jpg,3
p (476).jpg,3
p (477).jpg,3
p (478).jpg,3
p (479).jpg,3
p (48).jpg,3
p (480).jpg,3
p (481).jpg,3
p (482).jpg,3
p (483).jpg,3
p (484).jpg,3
p (485).jpg,3
p (486).jpg,3
p (487).jpg,3
p (488).jpg,3
p (489).jpg,3
p (49).jpg,3
p (490).jpg,3
p (491).jpg,3
p (492).jpg,3
p (493).jpg,3
p (494).jpg,3
p (495).jpg,3
p (496).jpg,3
p (497).jpg,3
p (498).jpg,3
p (499).jpg,3
p (5).jpg,3
p (50).jpg,3
p (500).jpg,3
p (501).jpg,3
p (502).jpg,3
p (503).jpg,3
p (504).jpg,3
p (505).jpg,3
p (506).jpg,3
p (507).jpg,3
p (508).jpg,3
p (509).jpg,3
p (51).jpg,3
p (510).jpg,3
p (511).jpg,3
p (512).jpg,3
p (513).jpg,3
p (514).jpg,3
p (515).jpg,3
p (516).jpg,3
p (517).jpg,3
p (518).jpg,3
p (519).jpg,3
p (52).jpg,3
p (520).jpg,3
p (521).jpg,3
p (522).jpg,3
p (523).jpg,3
p (524).jpg,3
p (525).jpg,3
p (526).jpg,3
p (527).jpg,3
p (528).jpg,3
p (529).jpg,3
p (53).jpg,3
p (530).jpg,3
p (531).jpg,3
p (532).jpg,3
p (533).jpg,3
p (534).jpg,3
p (535).jpg,3
p (536).jpg,3
p (537).jpg,3
p (538).jpg,3
p (539).jpg,3
p (54).jpg,3
p (540).jpg,3
p (541).jpg,3
p (542).jpg,3
p (543).jpg,3
p (544).jpg,3
p (545).jpg,3
p (546).jpg,3
p (547).jpg,3
p (548).jpg,3
p (549).jpg,3
p (55).jpg,3
p (550).jpg,3
p (551).jpg,3
p (552).jpg,3
p (553).jpg,3
p (554).jpg,3
p (555).jpg,3
p (556).jpg,3
p (557).jpg,3
p (558).jpg,3
p (559).jpg,3
p (56).jpg,3
p (560).jpg,3
p (561).jpg,3
p (562).jpg,3
p (563).jpg,3
p (564).jpg,3
p (565).jpg,3
p (566).jpg,3
p (567).jpg,3
p (568).jpg,3
p (569).jpg,3
p (57).jpg,3
p (570).jpg,3
p (571).jpg,3
p (572).jpg,3
p (573).jpg,3
p (574).jpg,3
p (575).jpg,3
p (576).jpg,3
p (577).jpg,3
p (578).jpg,3
p (579).jpg,3
p (58).jpg,3
p (580).jpg,3
p (581).jpg,3
p (582).jpg,3
p (583).jpg,3
p (584).jpg,3
p (585).jpg,3
p (586).jpg,3
p (587).jpg,3
p (588).jpg,3
p (589).jpg,3
p (59).jpg,3
p (590).jpg,3
p (591).jpg,3
p (592).jpg,3
p (593).jpg,3
p (594).jpg,3
p (595).jpg,3
p (596).jpg,3
p (597).jpg,3
p (598).jpg,3
p (599).jpg,3
p (6).jpg,3
p (60).jpg,3
p (600).jpg,3
p (601).jpg,3
p (602).jpg,3
p (603).jpg,3
p (604).jpg,3
p (605).jpg,3
p (606).jpg,3
p (607).jpg,3
p (608).jpg,3
p (609).jpg,3
p (61).jpg,3
p (610).jpg,3
p (611).jpg,3
p (612).jpg,3
p (613).jpg,3
p (614).jpg,3
p (615).jpg,3
p (616).jpg,3
p (617).jpg,3
p (618).jpg,3
p (619).jpg,3
p (62).jpg,3
p (620).jpg,3
p (621).jpg,3
p (622).jpg,3
p (623).jpg,3
p (624).jpg,3
p (625).jpg,3
p (626).jpg,3
p (627).jpg,3
p (628).jpg,3
p (629).jpg,3
p (63).jpg,3
p (630).jpg,3
p (631).jpg,3
p (632).jpg,3
p (633).jpg,3
p (634).jpg,3
p (635).jpg,3
p (636).jpg,3
p (637).jpg,3
p (638).jpg,3
p (639).jpg,3
p (64).jpg,3
p (640).jpg,3
p (641).jpg,3
p (642).jpg,3
p (643).jpg,3
p (644).jpg,3
p (645).jpg,3
p (646).jpg,3
p (647).jpg,3
p (648).jpg,3
p (649).jpg,3
p (65).jpg,3
p (650).jpg,3
p (651).jpg,3
p (652).jpg,3
p (653).jpg,3
p (654).jpg,3
p (655).jpg,3
p (656).jpg,3
p (657).jpg,3
p (658).jpg,3
p (659).jpg,3
p (66).jpg,3
p (660).jpg,3
p (661).jpg,3
p (662).jpg,3
p (663).jpg,3
p (664).jpg,3
p (665).jpg,3
p (666).jpg,3
p (667).jpg,3
p (668).jpg,3
p (669).jpg,3
p (67).jpg,3
p (670).jpg,3
p (671).jpg,3
p (672).jpg,3
p (673).jpg,3
p (674).jpg,3
p (675).jpg,3
p (676).jpg,3
p (677).jpg,3
p (678).jpg,3
p (679).jpg,3
p (68).jpg,3
p (680).jpg,3
p (681).jpg,3
p (682).jpg,3
p (683).jpg,3
p (684).jpg,3
p (685).jpg,3
p (686).jpg,3
p (687).jpg,3
p (688).jpg,3
p (689).jpg,3
p (69).jpg,3
p (690).jpg,3
p (691).jpg,3
p (692).jpg,3
p (693).jpg,3
p (694).jpg,3
p (695).jpg,3
p (696).jpg,3
p (697).jpg,3
p (698).jpg,3
p (699).jpg,3
p (7).jpg,3
p (70).jpg,3
p (700).jpg,3
p (701).jpg,3
p (702).jpg,3
p (703).jpg,3
p (704).jpg,3
p (705).jpg,3
p (706).jpg,3
p (707).jpg,3
p (708).jpg,3
p (709).jpg,3
p (71).jpg,3
p (710).jpg,3
p (711).jpg,3
p (712).jpg,3
p (713).jpg,3
p (714).jpg,3
p (715).jpg,3
p (716).jpg,3
p (717).jpg,3
p (718).jpg,3
p (719).jpg,3
p (72).jpg,3
p (720).jpg,3
p (721).jpg,3
p (722).jpg,3
p (723).jpg,3
p (724).jpg,3
p (725).jpg,3
p (726).jpg,3
p (727).jpg,3
p (728).jpg,3
p (729).jpg,3
p (73).jpg,3
p (730).jpg,3
p (731).jpg,3
p (732).jpg,3
p (733).jpg,3
p (734).jpg,3
p (735).jpg,3
p (736).jpg,3
p (737).jpg,3
p (738).jpg,3
p (739).jpg,3
p (74).jpg,3
p (740).jpg,3
p (741).jpg,3
p (742).jpg,3
p (743).jpg,3
p (744).jpg,3
p (745).jpg,3
p (746).jpg,3
p (747).jpg,3
p (748).jpg,3
p (749).jpg,3
p (75).jpg,3
p (750).jpg,3
p (751).jpg,3
p (752).jpg,3
p (753).jpg,3
p (754).jpg,3
p (755).jpg,3
p (756).jpg,3
p (757).jpg,3
p (758).jpg,3
p (759).jpg,3
p (76).jpg,3
p (760).jpg,3
p (761).jpg,3
p (762).jpg,3
p (763).jpg,3
p (764).jpg,3
p (765).jpg,3
p (766).jpg,3
p (767).jpg,3
p (768).jpg,3
p (769).jpg,3
p (77).jpg,3
p (770).jpg,3
p (771).jpg,3
p (772).jpg,3
p (773).jpg,3
p (774).jpg,3
p (775).jpg,3
p (776).jpg,3
p (777).jpg,3
p (778).jpg,3
p (779).jpg,3
p (78).jpg,3
p (780).jpg,3
p (781).jpg,3
p (782).jpg,3
p (783).jpg,3
p (784).jpg,3
p (785).jpg,3
p (786).jpg,3
p (787).jpg,3
p (788).jpg,3
p (789).jpg,3
p (79).jpg,3
p (790).jpg,3
p (791).jpg,3
p (792).jpg,3
p (793).jpg,3
p (794).jpg,3
p (795).jpg,3
p (796).jpg,3
p (797).jpg,3
p (798).jpg,3
p (799).jpg,3
p (8).jpg,3
p (80).jpg,3
p (800).jpg,3
p (801).jpg,3
p (802).jpg,3
p (803).jpg,3
p (804).jpg,3
p (805).jpg,3
p (806).jpg,3
p (807).jpg,3
p (808).jpg,3
p (809).jpg,3
p (81).jpg,3
p (810).jpg,3
p (811).jpg,3
p (812).jpg,3
p (813).jpg,3
p (814).jpg,3
p (815).jpg,3
p (816).jpg,3
p (817).jpg,3
p (818).jpg,3
p (819).jpg,3
p (82).jpg,3
p (820).jpg,3
p (821).jpg,3
p (822).jpg,3
p (823).jpg,3
p (824).jpg,3
p (825).jpg,3
p (826).jpg,3
p (827).jpg,3
p (83).jpg,3
p (84).jpg,3
p (85).jpg,3
p (86).jpg,3
p (87).jpg,3
p (88).jpg,3
p (89).jpg,3
p (9).jpg,3
p (90).jpg,3
p (91).jpg,3
p (92).jpg,3
p (93).jpg,3
p (94).jpg,3
p (95).jpg,3
p (96).jpg,3
p (97).jpg,3
p (98).jpg,3
p (99).jpg,3
